<?xml version='1.0' encoding='utf-8'?>
<!DOCTYPE hibernate-configuration PUBLIC
"-//Hibernate/Hibernate Configuration DTD//EN"
"http://hibernate.sourceforge.net/hibernate-configuration-3.0.dtd">

<hibernate-configuration>
	<session-factory>
		<property name="hibernate.connection.driver_class">
			com.mysql.jdbc.Driver</property>
		<property name="hibernate.connection.url">
			jdbc:mysql://localhost:3306/test</property>
		<property name="hibernate.connection.username">root</property>
		<property name="hibernate.connection.password">root</property>
		<property name="hibernate.connection.pool_size">5</property>
		
		<property name="hibernate.show_sql">true</property>
		<property name="hibernate.format_sql">true</property>
		<property name="hibernate.dialect">org.hibernate.dialect.MySQLDialect</property>
		<property name="hibernate.hbm2ddl.auto">update</property>
        
        <!-- <mapping resource="product.hbm.xml" />   -->
        <mapping class="com.hexa.entity.Employee"/>
        <mapping class="com.hexa.entity.Onroll"/>
        <mapping class="com.hexa.entity.Contract"/>
        
	</session-factory>
</hibernate-configuration>

